Res #,Res Name,Original,Designed,Original # Adjacent,Designed # Adjacent
1,SER,E,E,2,3
2,MET,E,E,4,4
3,ALA,E,E,5,5
4,GLU,E,E,5,7
5,ASP,E,B,4,8
6,THR,B,B,9,11
7,GLY,B,B,12,9
8,VAL,B,E,12,6
9,ARG,B,E,10,3
10,VAL,B,E,10,4
11,GLU,B,E,8,5
12,LEU,B,E,10,4
13,ALA,E,B,7,9
14,GLU,E,B,5,10
15,GLU,E,B,4,11
16,ASP,E,B,6,10
17,HIS,E,E,5,6
18,GLY,E,E,6,5
19,ARG,E,E,2,3
20,LYS,E,E,4,3
21,SER,E,E,6,4
22,THR,B,E,9,4
23,ILE,B,E,11,4
24,ALA,B,E,11,4
25,LEU,B,E,12,4
26,ARG,B,E,13,4
27,LEU,B,E,12,4
28,TRP,B,E,9,4
29,VAL,B,E,9,4
30,GLU,E,E,6,4
31,ASP,E,E,7,4
32,PRO,E,E,7,4
33,LYS,E,E,5,4
34,LYS,E,E,7,4
35,LEU,B,E,8,3
36,LYS,E,E,5,3
37,GLY,B,E,8,4
38,LYS,E,E,6,3
39,PRO,B,E,9,3
40,LYS,E,E,4,4
41,ASP,E,E,4,3
42,ASN,E,E,2,3
43,GLY,E,E,5,4
44,ALA,E,E,6,3
45,ILE,E,E,7,3
46,GLU,B,E,8,4
47,PHE,B,E,9,4
48,THR,B,E,8,4
49,PHE,B,E,10,4
50,ASP,B,E,9,4
51,LEU,B,E,10,4
52,GLU,E,E,5,4
53,LYS,E,E,6,4
54,GLU,B,E,8,4
55,THR,E,E,6,4
56,PRO,B,E,11,4
57,ASP,B,E,10,4
58,GLU,B,E,9,4
59,VAL,B,E,13,4
60,ALA,B,E,13,4
61,GLN,B,E,11,4
62,GLU,B,E,8,4
63,MET,B,E,11,4
64,ILE,B,E,11,4
65,GLU,E,E,6,3
66,SER,E,E,5,3
67,GLY,E,E,6,4
68,PHE,E,E,7,3
69,PHE,B,E,10,3
70,HIS,B,E,9,4
71,GLU,E,E,6,4
72,SER,E,E,7,4
73,ASP,B,E,10,4
74,VAL,B,E,13,3
75,LYS,E,E,7,6
76,ILE,B,E,10,6
77,VAL,B,E,14,5
78,ALA,B,E,12,5
79,LYS,B,E,11,7
80,SER,B,E,12,5
81,ILE,B,B,14,8
82,ARG,B,B,10,8
83,ASP,B,B,11,8
84,ARG,B,B,11,9
85,VAL,B,E,13,7
86,ALA,B,E,8,4
87,LEU,B,E,8,4
88,ILE,B,E,10,3
89,GLN,B,E,9,4
90,TRP,B,E,9,5
91,ARG,B,E,9,7
92,ARG,B,B,10,10
93,GLU,B,E,8,7
94,ARG,E,B,7,8
95,ILE,E,E,7,6
96,TRP,E,E,6,5
97,PRO,E,E,3,6
98,ALA,E,E,2,3
7/56 buried residues remained buried
36/42 exposed residues remained exposed
RMSD for alpha-C's is 25.4140663147
RMSD over all atoms is 25.8604335785
